"EXAMEN","CANTIDADEVALUADOS","NOMBRE_PRUEBA","NOMBRE_SEDE","ID_PROGRAMA_ACAD","NOMBRE_PROGRAMA_ACAD","NOMBRE_GRUPOREF","PROMEDIO_PRUEBA"
"SABER PRO - 2019",67,"Competencias Ciudadanas","Manizales",2655,"Arquitectura","Arquitectura Y Urbanismo",162
"SABER PRO - 2019",40,"Comunicación Escrita","Medellín",1916,"Construccion","Arquitectura Y Urbanismo",137
"SABER PRO - 2019",104,"Análisis De Problemáticas Psicológicas","Bogotá",55,"Psicologia","Psicología",194
"SABER PRO - 2019",51,"Lectura Crítica","Medellín",2555,"Ingenieria Ambiental","Ingeniería",183
"SABER PRO - 2019",84,"Razonamiento Cuantitativo","Bogotá",3667,"Ingenieria Mecanica","Ingeniería",206
"SABER PRO - 2019",81,"Comunicación Escrita","Manizales",4686,"Ingenieria Electrica","Ingeniería",141
"SABER PRO - 2019",53,"Formulación De Proyectos De Ingeniería","Bogotá",468,"Ingenieria Electronica","Ingeniería",162
"SABER PRO - 2019",67,"Comunicación Escrita","Bogotá",2208,"Odontologia","Salud",146
"SABER PRO - 2019",51,"Lectura Crítica","Bogotá",3761,"Ingenieria Agricola","Ingeniería",175
"SABER PRO - 2019",9,"Razonamiento Cuantitativo","Medellín",521,"Matematicas","Ciencias Naturales Y Exactas",191
"SABER PRO - 2019",16,"Pensamiento Científico - Ciencias Biológicas","Medellín",5177,"Ingenieria Agricola","Ingeniería",160
"SABER PRO - 2019",11,"Comunicación Escrita","Bogotá",4167,"Terapia Ocupacional","Salud",176
"SABER PRO - 2019",138,"Pensamiento Científico - Ciencias Físicas","Medellín",5516,"Ingenieria Civil","Ingeniería",153
"SABER PRO - 2019",68,"Competencias Ciudadanas","Medellín",868,"Ingenieria De Minas Y Metalurgia","Ingeniería",166
"SABER PRO - 2019",42,"Formar","Bogotá",15721,"Español Y Filologia Clasica","Bellas Artes Y Diseño",186
"SABER PRO - 2019",101,"Lectura Crítica","Bogotá",6810,"Arquitectura","Arquitectura Y Urbanismo",179
"SABER PRO - 2019",62,"Lectura Crítica","Palmira",4789,"Ingenieria Agronomica","Ciencias Agropecuarias",157
"SABER PRO - 2019",114,"Comunicación Escrita","Bogotá",5552,"Economia","Economía",167
"SABER PRO - 2019",43,"Competencias Ciudadanas","Bogotá",2794,"Artes Plasticas","Bellas Artes Y Diseño",175
"SABER PRO - 2019",31,"Comunicación Escrita","Bogotá",4306,"Historia","Humanidades",161
"SABER PRO - 2019",87,"Comunicación Escrita","Bogotá",3788,"Antropologia","Ciencias Sociales",166
"SABER PRO - 2019",96,"Comunicación Escrita","Bogotá",5101,"Ingenieria Electrica","Ingeniería",148
"SABER PRO - 2019",38,"Lectura Crítica","Palmira",3728,"Ingenieria Agricola","Ingeniería",151
"SABER PRO - 2019",87,"Lectura Crítica","Bogotá",1875,"Filologia E Idiomas","Humanidades",191
"SABER PRO - 2019",62,"Comunicación Escrita","Palmira",4789,"Ingenieria Agronomica","Ciencias Agropecuarias",146
"SABER PRO - 2019",47,"Comunicación Escrita","Bogotá",4305,"Geografia","Ciencias Sociales",164
"SABER PRO - 2019",123,"Lectura Crítica","Bogotá",6811,"Derecho","Derecho",196
"SABER PRO - 2019",150,"Diseño De Procesos Industriales","Bogotá",4280,"Ingenieria Quimica","Ingeniería",176
"SABER PRO - 2019",104,"Formulación De Proyectos De Ingeniería","Bogotá",2644,"Ingenieria De Sistemas","Ingeniería",167
"SABER PRO - 2019",105,"Razonamiento Cuantitativo","Bogotá",2644,"Ingenieria De Sistemas","Ingeniería",203
"SABER PRO - 2019",83,"Razonamiento Cuantitativo","Medellín",4643,"Arquitectura","Arquitectura Y Urbanismo",177
"SABER PRO - 2019",47,"Competencias Ciudadanas","Bogotá",4305,"Geografia","Ciencias Sociales",182
"SABER PRO - 2019",99,"Estudio Proyectual","Bogotá",6810,"Arquitectura","Arquitectura Y Urbanismo",194
"SABER PRO - 2019",21,"Atención En Salud","Bogotá",4166,"Fonoaudiologia","Salud",168
"SABER PRO - 2019",46,"Comunicación Escrita","Bogotá",519,"Fisica","Ciencias Naturales Y Exactas",166
"SABER PRO - 2019",58,"Pensamiento Científico - Matemáticas Y Estadística","Bogotá",3666,"Ingenieria Industrial","Ingeniería",172
"SABER PRO - 2019",53,"Investigación En Ciencias Sociales","Medellín",3787,"Ciencia Política","Ciencias Sociales",172
"SABER PRO - 2019",150,"Pensamiento Científico - Química","Bogotá",4280,"Ingenieria Quimica","Ingeniería",177
"SABER PRO - 2019",56,"Competencias Ciudadanas","Bogotá",468,"Ingenieria Electronica","Ingeniería",176
"SABER PRO - 2019",104,"Gestión Financiera","Bogotá",5551,"Administracion De Empresas","Administración Y Afines",186
"SABER PRO - 2019",43,"Razonamiento Cuantitativo","Medellín",3786,"Ingenieria Fisica","Ciencias Naturales Y Exactas",203
"SABER PRO - 2019",79,"Formulación De Proyectos De Ingeniería","Medellín",428,"Ingenieria Mecanica","Ingeniería",160
"SABER PRO - 2019",53,"Razonamiento Cuantitativo","Medellín",3787,"Ciencia Política","Ciencias Sociales",165
"SABER PRO - 2019",31,"Competencias Ciudadanas","Bogotá",4306,"Historia","Humanidades",189
"SABER PRO - 2019",140,"Inglés","Medellín",5516,"Ingenieria Civil","Ingeniería",184
"SABER PRO - 2019",63,"Inglés","Bogotá",3033,"Medicina Veterinaria","Ciencias Agropecuarias",191
"SABER PRO - 2019",128,"Comunicación Escrita","Manizales",1767,"Administracion De Empresas","Administración Y Afines",147
"SABER PRO - 2019",69,"Competencias Ciudadanas","Bogotá",3666,"Ingenieria Industrial","Ingeniería",184
"SABER PRO - 2019",43,"Inglés","Bogotá",186,"Cine Y Television","Bellas Artes Y Diseño",199
"SABER PRO - 2019",62,"Competencias Ciudadanas","Palmira",4789,"Ingenieria Agronomica","Ciencias Agropecuarias",150
"SABER PRO - 2019",107,"Lectura Crítica","Bogotá",5551,"Administracion De Empresas","Administración Y Afines",187
"SABER PRO - 2019",41,"Inglés","Medellín",4808,"Ingenieria Biologica","Ciencias Naturales Y Exactas",197
"SABER PRO - 2019",62,"Razonamiento Cuantitativo","Bogotá",3668,"Trabajo Social","Ciencias Sociales",161
"SABER PRO - 2019",37,"Competencias Ciudadanas","Manizales",5245,"Ingenieria Fisica","Ciencias Naturales Y Exactas",157
"SABER PRO - 2019",90,"Competencias Ciudadanas","Manizales",1348,"Ingenieria Civil","Ingeniería",159
"SABER PRO - 2019",105,"Competencias Ciudadanas","Bogotá",2644,"Ingenieria De Sistemas","Ingeniería",180
"SABER PRO - 2019",94,"Formulación De Proyectos De Ingeniería","Bogotá",5101,"Ingenieria Electrica","Ingeniería",171
"SABER PRO - 2019",50,"Pensamiento Científico - Ciencias Biológicas","Bogotá",3761,"Ingenieria Agricola","Ingeniería",173
"SABER PRO - 2019",46,"Razonamiento Cuantitativo","Manizales",6883,"Administracion De Sistemas Informáticos","Ingeniería",169
"SABER PRO - 2019",12,"Inglés","Manizales",95,"Matematicas","Ciencias Naturales Y Exactas",180
"SABER PRO - 2019",56,"Comunicación Escrita","Bogotá",4304,"Estadistica","Ciencias Naturales Y Exactas",155
"SABER PRO - 2019",62,"Lectura Crítica","Bogotá",6948,"Sociologia","Ciencias Sociales",200
"SABER PRO - 2019",45,"Lectura Crítica","Bogotá",1920,"Musica Instrumental","Bellas Artes Y Diseño",162
"SABER PRO - 2019",50,"Comunicación Escrita","Manizales",2214,"Ingenieria Industrial","Ingeniería",151
"SABER PRO - 2019",67,"Inglés","Bogotá",2208,"Odontologia","Salud",181
"SABER PRO - 2019",21,"Razonamiento Cuantitativo","Bogotá",4166,"Fonoaudiologia","Salud",168
"SABER PRO - 2019",51,"Pensamiento Científico - Ciencias Biológicas","Medellín",2555,"Ingenieria Ambiental","Ingeniería",160
"SABER PRO - 2019",123,"Competencias Ciudadanas","Bogotá",6811,"Derecho","Derecho",204
"SABER PRO - 2019",33,"Razonamiento Cuantitativo","Palmira",6535,"Diseño Industrial","Bellas Artes Y Diseño",159
"SABER PRO - 2019",46,"Inglés","Bogotá",1054,"Filosofia","Humanidades",196
"SABER PRO - 2019",32,"Pensamiento Científico - Ciencias Biológicas","Medellín",2766,"Ingenieria Forestal","Ingeniería",159
"SABER PRO - 2019",127,"Competencias Ciudadanas","Bogotá",905,"Ingenieria Civil","Ingeniería",181
"SABER PRO - 2019",114,"Razonamiento Cuantitativo","Bogotá",5552,"Economia","Economía",197
"SABER PRO - 2019",69,"Competencias Ciudadanas","Bogotá",2645,"Nutricion Y Dietetica","Salud",171
"SABER PRO - 2019",34,"Competencias Ciudadanas","Medellín",1053,"Ingenieria De Control","Ingeniería",150
"SABER PRO - 2019",45,"Comunicación Escrita","Bogotá",1920,"Musica Instrumental","Bellas Artes Y Diseño",146
"SABER PRO - 2019",63,"Razonamiento Cuantitativo","Bogotá",3033,"Medicina Veterinaria","Ciencias Agropecuarias",183
"SABER PRO - 2019",68,"Razonamiento Cuantitativo","Medellín",868,"Ingenieria De Minas Y Metalurgia","Ingeniería",201
"SABER PRO - 2019",43,"Razonamiento Cuantitativo","Bogotá",186,"Cine Y Television","Bellas Artes Y Diseño",176
"SABER PRO - 2019",32,"Lectura Crítica","Medellín",2766,"Ingenieria Forestal","Ingeniería",165
"SABER PRO - 2019",68,"Pensamiento Científico - Ciencias De La Tierra","Medellín",868,"Ingenieria De Minas Y Metalurgia","Ingeniería",174
"SABER PRO - 2019",61,"Inglés","Bogotá",3084,"Geologia","Ciencias Naturales Y Exactas",199
"SABER PRO - 2019",107,"Competencias Ciudadanas","Bogotá",5551,"Administracion De Empresas","Administración Y Afines",181
"SABER PRO - 2019",190,"Atención En Salud","Bogotá",5658,"Medicina","Medicina",194
"SABER PRO - 2019",120,"Lectura Crítica","Bogotá",1469,"Farmacia","Salud",188
"SABER PRO - 2019",104,"Gestión De Organizaciones","Bogotá",5551,"Administracion De Empresas","Administración Y Afines",197
"SABER PRO - 2019",128,"Competencias Ciudadanas","Manizales",1767,"Administracion De Empresas","Administración Y Afines",160
"SABER PRO - 2019",61,"Pensamiento Científico - Ciencias Físicas","Manizales",1768,"Ingenieria Electronica","Ingeniería",144
"SABER PRO - 2019",43,"Comunicación Escrita","Bogotá",186,"Cine Y Television","Bellas Artes Y Diseño",150
"SABER PRO - 2019",12,"Competencias Ciudadanas","Manizales",95,"Matematicas","Ciencias Naturales Y Exactas",148
"SABER PRO - 2019",16,"Competencias Ciudadanas","Medellín",5177,"Ingenieria Agricola","Ingeniería",159
"SABER PRO - 2019",91,"Razonamiento Cuantitativo","Medellín",3179,"Ingenieria Administrativa","Administración Y Afines",201
"SABER PRO - 2019",70,"Lectura Crítica","Bogotá",3139,"Ingenieria Agronomica","Ciencias Agropecuarias",176
"SABER PRO - 2019",38,"Inglés","Palmira",3728,"Ingenieria Agricola","Ingeniería",152
"SABER PRO - 2019",17,"Pensamiento Científico - Ciencias Biológicas","Medellín",6510,"Ingenieria Agronomica","Ciencias Agropecuarias",158
"SABER PRO - 2019",61,"Razonamiento Cuantitativo","Medellín",4644,"Ingenieria Electrica","Ingeniería",204
"SABER PRO - 2019",28,"Comunicación Escrita","Bogotá",3665,"Fisioterapia","Salud",171
"SABER PRO - 2019",51,"Comunicación Escrita","Medellín",2555,"Ingenieria Ambiental","Ingeniería",164
"SABER PRO - 2019",81,"Proyecto De Arquitectura","Medellín",4643,"Arquitectura","Arquitectura Y Urbanismo",137
"SABER PRO - 2019",61,"Competencias Ciudadanas","Medellín",4644,"Ingenieria Electrica","Ingeniería",172
"SABER PRO - 2019",62,"Razonamiento Cuantitativo","Palmira",4789,"Ingenieria Agronomica","Ciencias Agropecuarias",158
"SABER PRO - 2019",17,"Comunicación Escrita","Medellín",6510,"Ingenieria Agronomica","Ciencias Agropecuarias",136
"SABER PRO - 2019",90,"Formulación De Proyectos De Ingeniería","Manizales",1348,"Ingenieria Civil","Ingeniería",156
"SABER PRO - 2019",56,"Razonamiento Cuantitativo","Bogotá",468,"Ingenieria Electronica","Ingeniería",206
"SABER PRO - 2019",44,"Lectura Crítica","Bogotá",6444,"Matematicas","Ciencias Naturales Y Exactas",183
"SABER PRO - 2019",191,"Comunicación Escrita","Bogotá",5658,"Medicina","Medicina",163
"SABER PRO - 2019",123,"Investigación Jurídica","Bogotá",6811,"Derecho","Derecho",191
"SABER PRO - 2019",68,"Comunicación Escrita","Bogotá",467,"Contaduria Publica","Contaduría Y Afines",159
"SABER PRO - 2019",68,"Razonamiento Cuantitativo","Bogotá",467,"Contaduria Publica","Contaduría Y Afines",191
"SABER PRO - 2019",124,"Diseño De Obras De Infraestructura","Bogotá",905,"Ingenieria Civil","Ingeniería",184
"SABER PRO - 2019",116,"Lectura Crítica","Bogotá",185,"Ciencia Política","Ciencias Sociales",192
"SABER PRO - 2019",17,"Competencias Ciudadanas","Medellín",6510,"Ingenieria Agronomica","Ciencias Agropecuarias",164
"SABER PRO - 2019",67,"Atención En Salud","Bogotá",2645,"Nutricion Y Dietetica","Salud",194
"SABER PRO - 2019",90,"Pensamiento Científico - Ciencias Físicas","Manizales",1348,"Ingenieria Civil","Ingeniería",144
"SABER PRO - 2019",101,"Razonamiento Cuantitativo","Bogotá",6810,"Arquitectura","Arquitectura Y Urbanismo",185
"SABER PRO - 2019",26,"Inglés","Medellín",4303,"Artes Plasticas","Bellas Artes Y Diseño",186
"SABER PRO - 2019",51,"Diseño De Sistemas De Manejo Del Impacto Ambiental","Medellín",2555,"Ingenieria Ambiental","Ingeniería",183
"SABER PRO - 2019",40,"Lectura Crítica","Medellín",1916,"Construccion","Arquitectura Y Urbanismo",157
"SABER PRO - 2019",43,"Pensamiento Científico - Matemáticas Y Estadística","Bogotá",6444,"Matematicas","Ciencias Naturales Y Exactas",162
"SABER PRO - 2019",88,"Inglés","Bogotá",3788,"Antropologia","Ciencias Sociales",196
"SABER PRO - 2019",42,"Enseñar","Bogotá",15721,"Español Y Filologia Clasica","Bellas Artes Y Diseño",186
"SABER PRO - 2019",33,"Lectura Crítica","Palmira",6535,"Diseño Industrial","Bellas Artes Y Diseño",167
"SABER PRO - 2019",70,"Inglés","Bogotá",3139,"Ingenieria Agronomica","Ciencias Agropecuarias",183
"SABER PRO - 2019",42,"Comunicación Escrita","Bogotá",15721,"Español Y Filologia Clasica","Bellas Artes Y Diseño",164
"SABER PRO - 2019",140,"Lectura Crítica","Medellín",5516,"Ingenieria Civil","Ingeniería",181
"SABER PRO - 2019",46,"Diseño De Software","Manizales",6883,"Administracion De Sistemas Informáticos","Ingeniería",155
"SABER PRO - 2019",51,"Formulación De Proyectos De Ingeniería","Medellín",2555,"Ingenieria Ambiental","Ingeniería",170
"SABER PRO - 2019",44,"Lectura Crítica","Bogotá",4168,"Zootecnia","Ciencias Agropecuarias",180
"SABER PRO - 2019",62,"Investigación En Ciencias Sociales","Bogotá",6948,"Sociologia","Ciencias Sociales",176
"SABER PRO - 2019",86,"Inglés","Bogotá",93,"Quimica","Ciencias Naturales Y Exactas",192
"SABER PRO - 2019",62,"Inglés","Palmira",4789,"Ingenieria Agronomica","Ciencias Agropecuarias",156
"SABER PRO - 2019",66,"Diagnóstico Y Tratamiento En Salud Oral","Bogotá",2208,"Odontologia","Salud",177
"SABER PRO - 2019",35,"Competencias Ciudadanas","Medellín",5602,"Ingenieria De Petroleos","Ingeniería",181
"SABER PRO - 2019",63,"Razonamiento Cuantitativo","Manizales",1768,"Ingenieria Electronica","Ingeniería",188
"SABER PRO - 2019",38,"Razonamiento Cuantitativo","Palmira",3728,"Ingenieria Agricola","Ingeniería",158
"SABER PRO - 2019",50,"Formulación De Proyectos De Ingeniería","Bogotá",3761,"Ingenieria Agricola","Ingeniería",180
"SABER PRO - 2019",46,"Inglés","Bogotá",519,"Fisica","Ciencias Naturales Y Exactas",205
"SABER PRO - 2019",138,"Formulación De Proyectos De Ingeniería","Medellín",5516,"Ingenieria Civil","Ingeniería",175
"SABER PRO - 2019",128,"Formulación, Evaluación Y Gestión De Proyectos","Manizales",1767,"Administracion De Empresas","Administración Y Afines",182
"SABER PRO - 2019",85,"Investigación En Ciencias Sociales","Bogotá",3788,"Antropologia","Ciencias Sociales",178
"SABER PRO - 2019",81,"Lectura Crítica","Manizales",4686,"Ingenieria Electrica","Ingeniería",154
"SABER PRO - 2019",81,"Pensamiento Científico - Ciencias Físicas","Manizales",4686,"Ingenieria Electrica","Ingeniería",152
"SABER PRO - 2019",104,"Formulación, Evaluación Y Gestión De Proyectos","Bogotá",5551,"Administracion De Empresas","Administración Y Afines",195
"SABER PRO - 2019",28,"Competencias Ciudadanas","Palmira",91,"Zootecnia","Ciencias Agropecuarias",149
"SABER PRO - 2019",9,"Lectura Crítica","Medellín",521,"Matematicas","Ciencias Naturales Y Exactas",174
"SABER PRO - 2019",70,"Promoción De La Salud Y Prevención De La Enfermedad","Bogotá",5100,"Enfermeria","Enfermería",181
"SABER PRO - 2019",11,"Promoción De La Salud Y Prevención De La Enfermedad","Bogotá",4167,"Terapia Ocupacional","Salud",165
"SABER PRO - 2019",84,"Lectura Crítica","Bogotá",3667,"Ingenieria Mecanica","Ingeniería",185
"SABER PRO - 2019",20,"Lectura Crítica","Medellín",6355,"Zootecnia","Ciencias Agropecuarias",155
"SABER PRO - 2019",33,"Formulación De Proyectos De Ingeniería","Medellín",5602,"Ingenieria De Petroleos","Ingeniería",181
"SABER PRO - 2019",114,"Inglés","Bogotá",5552,"Economia","Economía",200
"SABER PRO - 2019",56,"Lectura Crítica","Bogotá",4304,"Estadistica","Ciencias Naturales Y Exactas",181
"SABER PRO - 2019",57,"Lectura Crítica","Medellín",5517,"Ingenieria De Sistemas E Informatica","Ingeniería",181
"SABER PRO - 2019",35,"Comunicación Escrita","Medellín",5602,"Ingenieria De Petroleos","Ingeniería",169
"SABER PRO - 2019",120,"Inglés","Bogotá",1469,"Farmacia","Salud",192
"SABER PRO - 2019",61,"Formulación De Proyectos De Ingeniería","Palmira",4789,"Ingenieria Agronomica","Ciencias Agropecuarias",150
"SABER PRO - 2019",61,"Inglés","Medellín",118,"Ingenieria Quimica","Ingeniería",185
"SABER PRO - 2019",12,"Lectura Crítica","Manizales",95,"Matematicas","Ciencias Naturales Y Exactas",165
"SABER PRO - 2019",67,"Comunicación Escrita","Manizales",2655,"Arquitectura","Arquitectura Y Urbanismo",145
"SABER PRO - 2019",68,"Comunicación Escrita","Medellín",868,"Ingenieria De Minas Y Metalurgia","Ingeniería",152
"SABER PRO - 2019",51,"Inglés","Bogotá",3761,"Ingenieria Agricola","Ingeniería",186
"SABER PRO - 2019",68,"Lectura Crítica","Medellín",868,"Ingenieria De Minas Y Metalurgia","Ingeniería",173
"SABER PRO - 2019",104,"Investigación En Ciencias Sociales","Bogotá",55,"Psicologia","Psicología",178
"SABER PRO - 2019",140,"Comunicación Escrita","Medellín",5516,"Ingenieria Civil","Ingeniería",149
"SABER PRO - 2019",86,"Lectura Crítica","Bogotá",93,"Quimica","Ciencias Naturales Y Exactas",183
"SABER PRO - 2019",58,"Formulación De Proyectos De Ingeniería","Bogotá",3666,"Ingenieria Industrial","Ingeniería",180
"SABER PRO - 2019",120,"Comunicación Escrita","Bogotá",1469,"Farmacia","Salud",155
"SABER PRO - 2019",90,"Lectura Crítica","Manizales",1348,"Ingenieria Civil","Ingeniería",170
"SABER PRO - 2019",42,"Razonamiento Cuantitativo","Medellín",1917,"Historia","Humanidades",157
"SABER PRO - 2019",23,"Lectura Crítica","Medellín",183,"Estadistica","Ciencias Naturales Y Exactas",173
"SABER PRO - 2019",55,"Razonamiento Cuantitativo","Bogotá",6945,"Diseño Grafico","Bellas Artes Y Diseño",175
"SABER PRO - 2019",116,"Razonamiento Cuantitativo","Bogotá",185,"Ciencia Política","Ciencias Sociales",168
"SABER PRO - 2019",52,"Diseño De Sistemas Mecánicos","Bogotá",1919,"Ingenieria Mecatronica","Ingeniería",171
"SABER PRO - 2019",86,"Comunicación Escrita","Bogotá",1875,"Filologia E Idiomas","Humanidades",161
"SABER PRO - 2019",43,"Comunicación Escrita","Medellín",3786,"Ingenieria Fisica","Ciencias Naturales Y Exactas",146
"SABER PRO - 2019",114,"Investigación En Ciencias Sociales","Bogotá",185,"Ciencia Política","Ciencias Sociales",176
"SABER PRO - 2019",190,"Fundamentación En Diagnóstico Y Tratamiento Médicos","Bogotá",5658,"Medicina","Medicina",173
"SABER PRO - 2019",101,"Comunicación Escrita","Bogotá",6810,"Arquitectura","Arquitectura Y Urbanismo",152
"SABER PRO - 2019",68,"Pensamiento Científico - Matemáticas Y Estadística","Medellín",5064,"Ingenieria Industrial","Ingeniería",158
"SABER PRO - 2019",87,"Inglés","Bogotá",1875,"Filologia E Idiomas","Humanidades",210
"SABER PRO - 2019",50,"Competencias Ciudadanas","Manizales",2214,"Ingenieria Industrial","Ingeniería",163
"SABER PRO - 2019",89,"Competencias Ciudadanas","Bogotá",1383,"Biologia","Ciencias Naturales Y Exactas",189
"SABER PRO - 2019",61,"Razonamiento Cuantitativo","Medellín",118,"Ingenieria Quimica","Ingeniería",203
"SABER PRO - 2019",55,"Pensamiento Científico - Matemáticas Y Estadística","Bogotá",4304,"Estadistica","Ciencias Naturales Y Exactas",165
"SABER PRO - 2019",23,"Razonamiento Cuantitativo","Medellín",183,"Estadistica","Ciencias Naturales Y Exactas",188
"SABER PRO - 2019",63,"Inglés","Manizales",1768,"Ingenieria Electronica","Ingeniería",180
"SABER PRO - 2019",57,"Competencias Ciudadanas","Medellín",5517,"Ingenieria De Sistemas E Informatica","Ingeniería",172
"SABER PRO - 2019",61,"Formulación De Proyectos De Ingeniería","Manizales",1768,"Ingenieria Electronica","Ingeniería",147
"SABER PRO - 2019",67,"Proyecto De Arquitectura","Manizales",2655,"Arquitectura","Arquitectura Y Urbanismo",146
"SABER PRO - 2019",101,"Inglés","Bogotá",6810,"Arquitectura","Arquitectura Y Urbanismo",187
"SABER PRO - 2019",46,"Competencias Ciudadanas","Bogotá",519,"Fisica","Ciencias Naturales Y Exactas",193
"SABER PRO - 2019",62,"Pensamiento Científico - Ciencias Biológicas","Palmira",1812,"Ingenieria Ambiental","Ingeniería",149
"SABER PRO - 2019",21,"Lectura Crítica","Bogotá",4166,"Fonoaudiologia","Salud",183
"SABER PRO - 2019",44,"Competencias Ciudadanas","Bogotá",6444,"Matematicas","Ciencias Naturales Y Exactas",178
"SABER PRO - 2019",78,"Razonamiento Cuantitativo","Medellín",5063,"Ingenieria Geologica","Ciencias Naturales Y Exactas",198
"SABER PRO - 2019",23,"Inglés","Medellín",183,"Estadistica","Ciencias Naturales Y Exactas",178
"SABER PRO - 2019",124,"Formulación De Proyectos De Ingeniería","Bogotá",905,"Ingenieria Civil","Ingeniería",175
"SABER PRO - 2019",105,"Lectura Crítica","Bogotá",2644,"Ingenieria De Sistemas","Ingeniería",190
"SABER PRO - 2019",86,"Competencias Ciudadanas","Bogotá",93,"Quimica","Ciencias Naturales Y Exactas",169
"SABER PRO - 2019",60,"Pensamiento Científico - Ciencias De La Tierra","Bogotá",3084,"Geologia","Ciencias Naturales Y Exactas",180
"SABER PRO - 2019",69,"Inglés","Bogotá",3666,"Ingenieria Industrial","Ingeniería",202
"SABER PRO - 2019",20,"Inglés","Manizales",3181,"Gestion Cultural Y Comunicativa","Ciencias Sociales",161
"SABER PRO - 2019",62,"Diseño De Sistemas, Procesos Y Productos Agroindustriales","Palmira",969,"Ingenieria Agroindustrial","Ingeniería",167
"SABER PRO - 2019",53,"Comunicación Escrita","Medellín",3787,"Ciencia Política","Ciencias Sociales",150
"SABER PRO - 2019",17,"Lectura Crítica","Medellín",6510,"Ingenieria Agronomica","Ciencias Agropecuarias",167
"SABER PRO - 2019",43,"Competencias Ciudadanas","Medellín",3786,"Ingenieria Fisica","Ciencias Naturales Y Exactas",167
"SABER PRO - 2019",63,"Comunicación Escrita","Palmira",969,"Ingenieria Agroindustrial","Ingeniería",141
"SABER PRO - 2019",89,"Lectura Crítica","Bogotá",1383,"Biologia","Ciencias Naturales Y Exactas",196
"SABER PRO - 2019",94,"Pensamiento Científico - Ciencias Físicas","Bogotá",5101,"Ingenieria Electrica","Ingeniería",165
"SABER PRO - 2019",68,"Lectura Crítica","Medellín",5064,"Ingenieria Industrial","Ingeniería",177
"SABER PRO - 2019",69,"Inglés","Bogotá",2645,"Nutricion Y Dietetica","Salud",184
"SABER PRO - 2019",82,"Pensamiento Científico - Ciencias Físicas","Bogotá",3667,"Ingenieria Mecanica","Ingeniería",169
"SABER PRO - 2019",32,"Razonamiento Cuantitativo","Medellín",2766,"Ingenieria Forestal","Ingeniería",183
"SABER PRO - 2019",62,"Diseño De Sistemas De Manejo Del Impacto Ambiental","Palmira",1812,"Ingenieria Ambiental","Ingeniería",172
"SABER PRO - 2019",56,"Inglés","Bogotá",4304,"Estadistica","Ciencias Naturales Y Exactas",188
"SABER PRO - 2019",79,"Lectura Crítica","Medellín",428,"Ingenieria Mecanica","Ingeniería",185
"SABER PRO - 2019",28,"Lectura Crítica","Bogotá",3665,"Fisioterapia","Salud",178
"SABER PRO - 2019",61,"Pensamiento Científico - Ciencias Biológicas","Palmira",4789,"Ingenieria Agronomica","Ciencias Agropecuarias",142
"SABER PRO - 2019",43,"Comunicación Escrita","Bogotá",2794,"Artes Plasticas","Bellas Artes Y Diseño",153
"SABER PRO - 2019",114,"Lectura Crítica","Bogotá",5552,"Economia","Economía",191
"SABER PRO - 2019",21,"Comunicación Escrita","Bogotá",4166,"Fonoaudiologia","Salud",162
"SABER PRO - 2019",158,"Inglés","Bogotá",4280,"Ingenieria Quimica","Ingeniería",199
"SABER PRO - 2019",82,"Inglés","Bogotá",3789,"Diseño Industrial","Bellas Artes Y Diseño",195
"SABER PRO - 2019",67,"Lectura Crítica","Manizales",2655,"Arquitectura","Arquitectura Y Urbanismo",173
"SABER PRO - 2019",82,"Comunicación Escrita","Bogotá",3789,"Diseño Industrial","Bellas Artes Y Diseño",153
"SABER PRO - 2019",32,"Generación De Artefactos","Palmira",6535,"Diseño Industrial","Bellas Artes Y Diseño",173
"SABER PRO - 2019",52,"Formulación De Proyectos De Ingeniería","Bogotá",1919,"Ingenieria Mecatronica","Ingeniería",175
"SABER PRO - 2019",79,"Inglés","Medellín",428,"Ingenieria Mecanica","Ingeniería",196
"SABER PRO - 2019",96,"Lectura Crítica","Bogotá",5101,"Ingenieria Electrica","Ingeniería",179
"SABER PRO - 2019",45,"Razonamiento Cuantitativo","Bogotá",1920,"Musica Instrumental","Bellas Artes Y Diseño",154
"SABER PRO - 2019",69,"Comunicación Escrita","Bogotá",2645,"Nutricion Y Dietetica","Salud",159
"SABER PRO - 2019",128,"Gestión Financiera","Manizales",1767,"Administracion De Empresas","Administración Y Afines",154
"SABER PRO - 2019",45,"Inglés","Bogotá",1920,"Musica Instrumental","Bellas Artes Y Diseño",181
"SABER PRO - 2019",40,"Inglés","Medellín",1916,"Construccion","Arquitectura Y Urbanismo",176
"SABER PRO - 2019",30,"Análisis Económico","Medellín",29,"Economia","Economía",163
"SABER PRO - 2019",37,"Comunicación Escrita","Manizales",5245,"Ingenieria Fisica","Ciencias Naturales Y Exactas",149
"SABER PRO - 2019",35,"Razonamiento Cuantitativo","Medellín",5602,"Ingenieria De Petroleos","Ingeniería",214
"SABER PRO - 2019",28,"Producción Pecuaria","Palmira",91,"Zootecnia","Ciencias Agropecuarias",165
"SABER PRO - 2019",62,"Inglés","Bogotá",6948,"Sociologia","Ciencias Sociales",182
"SABER PRO - 2019",12,"Comunicación Escrita","Manizales",95,"Matematicas","Ciencias Naturales Y Exactas",150
"SABER PRO - 2019",12,"Pensamiento Científico - Matemáticas Y Estadística","Manizales",95,"Matematicas","Ciencias Naturales Y Exactas",148
"SABER PRO - 2019",63,"Comunicación Escrita","Bogotá",3033,"Medicina Veterinaria","Ciencias Agropecuarias",154
"SABER PRO - 2019",57,"Inglés","Bogotá",1919,"Ingenieria Mecatronica","Ingeniería",208
"SABER PRO - 2019",41,"Competencias Ciudadanas","Medellín",4808,"Ingenieria Biologica","Ciencias Naturales Y Exactas",176
"SABER PRO - 2019",11,"Inglés","Bogotá",4167,"Terapia Ocupacional","Salud",180
"SABER PRO - 2019",51,"Razonamiento Cuantitativo","Bogotá",3761,"Ingenieria Agricola","Ingeniería",197
"SABER PRO - 2019",37,"Inglés","Manizales",5245,"Ingenieria Fisica","Ciencias Naturales Y Exactas",168
"SABER PRO - 2019",83,"Lectura Crítica","Medellín",4643,"Arquitectura","Arquitectura Y Urbanismo",177
"SABER PRO - 2019",101,"Competencias Ciudadanas","Bogotá",6810,"Arquitectura","Arquitectura Y Urbanismo",169
"SABER PRO - 2019",40,"Razonamiento Cuantitativo","Medellín",1916,"Construccion","Arquitectura Y Urbanismo",189
"SABER PRO - 2019",79,"Competencias Ciudadanas","Medellín",428,"Ingenieria Mecanica","Ingeniería",176
"SABER PRO - 2019",61,"Intervención En Procesos Sociales","Bogotá",3668,"Trabajo Social","Ciencias Sociales",179
"SABER PRO - 2019",116,"Inglés","Bogotá",185,"Ciencia Política","Ciencias Sociales",182
"SABER PRO - 2019",68,"Información Y Control Contable","Bogotá",467,"Contaduria Publica","Contaduría Y Afines",194
"SABER PRO - 2019",38,"Competencias Ciudadanas","Palmira",3728,"Ingenieria Agricola","Ingeniería",134
"SABER PRO - 2019",30,"Competencias Ciudadanas","Medellín",29,"Economia","Economía",190
"SABER PRO - 2019",120,"Competencias Ciudadanas","Bogotá",1469,"Farmacia","Salud",182
"SABER PRO - 2019",191,"Inglés","Bogotá",5658,"Medicina","Medicina",197
"SABER PRO - 2019",32,"Competencias Ciudadanas","Medellín",2766,"Ingenieria Forestal","Ingeniería",158
"SABER PRO - 2019",68,"Pensamiento Científico - Ciencias Biológicas","Bogotá",3139,"Ingenieria Agronomica","Ciencias Agropecuarias",169
"SABER PRO - 2019",83,"Inglés","Medellín",4643,"Arquitectura","Arquitectura Y Urbanismo",186
"SABER PRO - 2019",31,"Inglés","Bogotá",4306,"Historia","Humanidades",197
"SABER PRO - 2019",105,"Comunicación Escrita","Bogotá",55,"Psicologia","Psicología",157
"SABER PRO - 2019",34,"Lectura Crítica","Medellín",1053,"Ingenieria De Control","Ingeniería",170
"SABER PRO - 2019",89,"Razonamiento Cuantitativo","Bogotá",1383,"Biologia","Ciencias Naturales Y Exactas",192
"SABER PRO - 2019",86,"Comunicación Escrita","Bogotá",93,"Quimica","Ciencias Naturales Y Exactas",161
"SABER PRO - 2019",11,"Razonamiento Cuantitativo","Bogotá",4167,"Terapia Ocupacional","Salud",170
"SABER PRO - 2019",63,"Competencias Ciudadanas","Bogotá",3033,"Medicina Veterinaria","Ciencias Agropecuarias",175
"SABER PRO - 2019",41,"Lectura Crítica","Medellín",4808,"Ingenieria Biologica","Ciencias Naturales Y Exactas",189
"SABER PRO - 2019",64,"Formulación De Proyectos De Ingeniería","Manizales",5627,"Ingenieria Quimica","Ingeniería",162
"SABER PRO - 2019",57,"Competencias Ciudadanas","Bogotá",1919,"Ingenieria Mecatronica","Ingeniería",185
"SABER PRO - 2019",116,"Pensamiento Científico - Química","Bogotá",1469,"Farmacia","Salud",170
"SABER PRO - 2019",191,"Razonamiento Cuantitativo","Bogotá",5658,"Medicina","Medicina",194
"SABER PRO - 2019",83,"Comunicación Escrita","Bogotá",3667,"Ingenieria Mecanica","Ingeniería",155
"SABER PRO - 2019",83,"Comunicación Escrita","Medellín",4643,"Arquitectura","Arquitectura Y Urbanismo",143
"SABER PRO - 2019",79,"Pensamiento Científico - Ciencias Físicas","Medellín",428,"Ingenieria Mecanica","Ingeniería",163
"SABER PRO - 2019",112,"Análisis Económico","Bogotá",5552,"Economia","Economía",177
"SABER PRO - 2019",128,"Lectura Crítica","Manizales",1767,"Administracion De Empresas","Administración Y Afines",167
"SABER PRO - 2019",68,"Razonamiento Cuantitativo","Medellín",5064,"Ingenieria Industrial","Ingeniería",199
"SABER PRO - 2019",61,"Lectura Crítica","Bogotá",3084,"Geologia","Ciencias Naturales Y Exactas",190
"SABER PRO - 2019",123,"Comunicación Escrita","Bogotá",6811,"Derecho","Derecho",179
"SABER PRO - 2019",44,"Competencias Ciudadanas","Bogotá",4168,"Zootecnia","Ciencias Agropecuarias",169
"SABER PRO - 2019",55,"Inglés","Palmira",968,"Administracion De Empresas","Administración Y Afines",158
"SABER PRO - 2019",20,"Comunicación Escrita","Manizales",3181,"Gestion Cultural Y Comunicativa","Ciencias Sociales",137
"SABER PRO - 2019",57,"Comunicación Escrita","Bogotá",1919,"Ingenieria Mecatronica","Ingeniería",152
"SABER PRO - 2019",9,"Pensamiento Científico - Matemáticas Y Estadística","Medellín",521,"Matematicas","Ciencias Naturales Y Exactas",163
"SABER PRO - 2019",62,"Competencias Ciudadanas","Bogotá",3668,"Trabajo Social","Ciencias Sociales",184
"SABER PRO - 2019",34,"Formulación De Proyectos De Ingeniería","Medellín",1053,"Ingenieria De Control","Ingeniería",152
"SABER PRO - 2019",31,"Razonamiento Cuantitativo","Bogotá",4306,"Historia","Humanidades",177
"SABER PRO - 2019",56,"Competencias Ciudadanas","Bogotá",4304,"Estadistica","Ciencias Naturales Y Exactas",168
"SABER PRO - 2019",28,"Lectura Crítica","Palmira",91,"Zootecnia","Ciencias Agropecuarias",150
"SABER PRO - 2019",23,"Competencias Ciudadanas","Medellín",183,"Estadistica","Ciencias Naturales Y Exactas",167
"SABER PRO - 2019",72,"Lectura Crítica","Bogotá",5100,"Enfermeria","Enfermería",183
"SABER PRO - 2019",30,"Comunicación Escrita","Medellín",29,"Economia","Economía",147
"SABER PRO - 2019",124,"Pensamiento Científico - Ciencias Físicas","Bogotá",905,"Ingenieria Civil","Ingeniería",163
"SABER PRO - 2019",38,"Comunicación Escrita","Palmira",3728,"Ingenieria Agricola","Ingeniería",134
"SABER PRO - 2019",69,"Lectura Crítica","Bogotá",3666,"Ingenieria Industrial","Ingeniería",196
"SABER PRO - 2019",67,"Razonamiento Cuantitativo","Bogotá",2208,"Odontologia","Salud",179
"SABER PRO - 2019",56,"Lectura Crítica","Bogotá",468,"Ingenieria Electronica","Ingeniería",189
"SABER PRO - 2019",88,"Comunicación Escrita","Bogotá",1383,"Biologia","Ciencias Naturales Y Exactas",164
"SABER PRO - 2019",70,"Atención En Salud","Bogotá",5100,"Enfermeria","Enfermería",196
"SABER PRO - 2019",28,"Inglés","Bogotá",3665,"Fisioterapia","Salud",180
"SABER PRO - 2019",70,"Competencias Ciudadanas","Bogotá",3139,"Ingenieria Agronomica","Ciencias Agropecuarias",169
"SABER PRO - 2019",20,"Producción Pecuaria","Medellín",6355,"Zootecnia","Ciencias Agropecuarias",178
"SABER PRO - 2019",36,"Formulación De Proyectos De Ingeniería","Manizales",5245,"Ingenieria Fisica","Ciencias Naturales Y Exactas",161
"SABER PRO - 2019",17,"Formulación De Proyectos De Ingeniería","Medellín",6510,"Ingenieria Agronomica","Ciencias Agropecuarias",168
"SABER PRO - 2019",123,"Razonamiento Cuantitativo","Bogotá",6811,"Derecho","Derecho",180
"SABER PRO - 2019",61,"Razonamiento Cuantitativo","Bogotá",3084,"Geologia","Ciencias Naturales Y Exactas",200
"SABER PRO - 2019",62,"Inglés","Bogotá",3668,"Trabajo Social","Ciencias Sociales",173
"SABER PRO - 2019",46,"Formulación De Proyectos De Ingeniería","Manizales",6883,"Administracion De Sistemas Informáticos","Ingeniería",153
"SABER PRO - 2019",65,"Lectura Crítica","Manizales",5627,"Ingenieria Quimica","Ingeniería",175
"SABER PRO - 2019",44,"Comunicación Escrita","Bogotá",6444,"Matematicas","Ciencias Naturales Y Exactas",146
"SABER PRO - 2019",55,"Lectura Crítica","Bogotá",6945,"Diseño Grafico","Bellas Artes Y Diseño",190
"SABER PRO - 2019",46,"Inglés","Manizales",6883,"Administracion De Sistemas Informáticos","Ingeniería",165
"SABER PRO - 2019",31,"Lectura Crítica","Bogotá",4306,"Historia","Humanidades",201
"SABER PRO - 2019",158,"Lectura Crítica","Bogotá",4280,"Ingenieria Quimica","Ingeniería",188
"SABER PRO - 2019",44,"Razonamiento Cuantitativo","Bogotá",4168,"Zootecnia","Ciencias Agropecuarias",178
"SABER PRO - 2019",52,"Pensamiento Científico - Ciencias Físicas","Bogotá",1919,"Ingenieria Mecatronica","Ingeniería",176
"SABER PRO - 2019",43,"Lectura Crítica","Bogotá",186,"Cine Y Television","Bellas Artes Y Diseño",190
"SABER PRO - 2019",41,"Producción Pecuaria","Bogotá",4168,"Zootecnia","Ciencias Agropecuarias",187
"SABER PRO - 2019",127,"Razonamiento Cuantitativo","Bogotá",905,"Ingenieria Civil","Ingeniería",217
"SABER PRO - 2019",68,"Producción Agrícola","Bogotá",3139,"Ingenieria Agronomica","Ciencias Agropecuarias",194
"SABER PRO - 2019",105,"Inglés","Bogotá",55,"Psicologia","Psicología",200
"SABER PRO - 2019",34,"Diseño De Sistemas De Control","Medellín",1053,"Ingenieria De Control","Ingeniería",179
"SABER PRO - 2019",17,"Producción Agrícola","Medellín",6510,"Ingenieria Agronomica","Ciencias Agropecuarias",184
"SABER PRO - 2019",41,"Comunicación Escrita","Medellín",4808,"Ingenieria Biologica","Ciencias Naturales Y Exactas",160
"SABER PRO - 2019",68,"Formulación De Proyectos De Ingeniería","Medellín",868,"Ingenieria De Minas Y Metalurgia","Ingeniería",179
"SABER PRO - 2019",191,"Lectura Crítica","Bogotá",5658,"Medicina","Medicina",194
"SABER PRO - 2019",63,"Inglés","Palmira",1812,"Ingenieria Ambiental","Ingeniería",163
"SABER PRO - 2019",17,"Inglés","Medellín",6510,"Ingenieria Agronomica","Ciencias Agropecuarias",166
"SABER PRO - 2019",28,"Competencias Ciudadanas","Bogotá",3665,"Fisioterapia","Salud",171
"SABER PRO - 2019",128,"Gestión De Organizaciones","Manizales",1767,"Administracion De Empresas","Administración Y Afines",169
"SABER PRO - 2019",34,"Comunicación Escrita","Medellín",1053,"Ingenieria De Control","Ingeniería",158
"SABER PRO - 2019",30,"Inglés","Medellín",29,"Economia","Economía",192
"SABER PRO - 2019",82,"Diseño De Sistemas Mecánicos","Bogotá",3667,"Ingenieria Mecanica","Ingeniería",174
"SABER PRO - 2019",81,"Competencias Ciudadanas","Manizales",4686,"Ingenieria Electrica","Ingeniería",155
"SABER PRO - 2019",88,"Razonamiento Cuantitativo","Bogotá",3788,"Antropologia","Ciencias Sociales",178
"SABER PRO - 2019",63,"Competencias Ciudadanas","Manizales",1768,"Ingenieria Electronica","Ingeniería",155
"SABER PRO - 2019",30,"Razonamiento Cuantitativo","Medellín",29,"Economia","Economía",181
"SABER PRO - 2019",33,"Comunicación Escrita","Palmira",6535,"Diseño Industrial","Bellas Artes Y Diseño",138
"SABER PRO - 2019",68,"Lectura Crítica","Bogotá",467,"Contaduria Publica","Contaduría Y Afines",188
"SABER PRO - 2019",32,"Inglés","Medellín",2766,"Ingenieria Forestal","Ingeniería",172
"SABER PRO - 2019",96,"Razonamiento Cuantitativo","Bogotá",5101,"Ingenieria Electrica","Ingeniería",203
"SABER PRO - 2019",43,"Inglés","Medellín",3786,"Ingenieria Fisica","Ciencias Naturales Y Exactas",191
"SABER PRO - 2019",54,"Generación De Artefactos","Bogotá",6945,"Diseño Grafico","Bellas Artes Y Diseño",166
"SABER PRO - 2019",26,"Razonamiento Cuantitativo","Medellín",4303,"Artes Plasticas","Bellas Artes Y Diseño",150
"SABER PRO - 2019",53,"Pensamiento Científico - Ciencias Físicas","Bogotá",468,"Ingenieria Electronica","Ingeniería",165
"SABER PRO - 2019",42,"Inglés","Bogotá",15721,"Español Y Filologia Clasica","Bellas Artes Y Diseño",196
"SABER PRO - 2019",107,"Razonamiento Cuantitativo","Bogotá",5551,"Administracion De Empresas","Administración Y Afines",189
"SABER PRO - 2019",33,"Pensamiento Científico - Ciencias Físicas","Medellín",5602,"Ingenieria De Petroleos","Ingeniería",184
"SABER PRO - 2019",67,"Razonamiento Cuantitativo","Manizales",2655,"Arquitectura","Arquitectura Y Urbanismo",172
"SABER PRO - 2019",63,"Lectura Crítica","Manizales",1768,"Ingenieria Electronica","Ingeniería",165
"SABER PRO - 2019",28,"Atención En Salud","Bogotá",3665,"Fisioterapia","Salud",193
"SABER PRO - 2019",63,"Competencias Ciudadanas","Palmira",1812,"Ingenieria Ambiental","Ingeniería",161
"SABER PRO - 2019",36,"Pensamiento Científico - Ciencias Físicas","Manizales",5245,"Ingenieria Fisica","Ciencias Naturales Y Exactas",160
"SABER PRO - 2019",11,"Atención En Salud","Bogotá",4167,"Terapia Ocupacional","Salud",168
"SABER PRO - 2019",47,"Competencias Ciudadanas","Bogotá",189,"Literatura (Estudios Literarios)","Humanidades",193
"SABER PRO - 2019",56,"Razonamiento Cuantitativo","Bogotá",4304,"Estadistica","Ciencias Naturales Y Exactas",200
"SABER PRO - 2019",37,"Lectura Crítica","Manizales",5245,"Ingenieria Fisica","Ciencias Naturales Y Exactas",154
"SABER PRO - 2019",82,"Lectura Crítica","Bogotá",3789,"Diseño Industrial","Bellas Artes Y Diseño",180
"SABER PRO - 2019",26,"Comunicación Escrita","Medellín",4303,"Artes Plasticas","Bellas Artes Y Diseño",142
"SABER PRO - 2019",41,"Razonamiento Cuantitativo","Medellín",4808,"Ingenieria Biologica","Ciencias Naturales Y Exactas",205
"SABER PRO - 2019",81,"Inglés","Manizales",4686,"Ingenieria Electrica","Ingeniería",169
"SABER PRO - 2019",16,"Formulación De Proyectos De Ingeniería","Medellín",5177,"Ingenieria Agricola","Ingeniería",171
"SABER PRO - 2019",104,"Diseño De Software","Bogotá",2644,"Ingenieria De Sistemas","Ingeniería",186
"SABER PRO - 2019",7,"Competencias Ciudadanas","Bogotá",2795,"Musica","Bellas Artes Y Diseño",170
"SABER PRO - 2019",105,"Razonamiento Cuantitativo","Bogotá",55,"Psicologia","Psicología",180
"SABER PRO - 2019",70,"Cuidado De Enfermería En Los Ámbitos Clínico Y Comunitario","Bogotá",5100,"Enfermeria","Enfermería",186
"SABER PRO - 2019",42,"Competencias Ciudadanas","Bogotá",6095,"Lingüistica","Humanidades",184
"SABER PRO - 2019",158,"Razonamiento Cuantitativo","Bogotá",4280,"Ingenieria Quimica","Ingeniería",208
"SABER PRO - 2019",62,"Formulación De Proyectos De Ingeniería","Palmira",969,"Ingenieria Agroindustrial","Ingeniería",147
"SABER PRO - 2019",20,"Razonamiento Cuantitativo","Manizales",3181,"Gestion Cultural Y Comunicativa","Ciencias Sociales",155
"SABER PRO - 2019",158,"Competencias Ciudadanas","Bogotá",4280,"Ingenieria Quimica","Ingeniería",184
"SABER PRO - 2019",42,"Comunicación Escrita","Medellín",1917,"Historia","Humanidades",153
"SABER PRO - 2019",47,"Comunicación Escrita","Bogotá",189,"Literatura (Estudios Literarios)","Humanidades",170
"SABER PRO - 2019",46,"Comunicación Escrita","Bogotá",1054,"Filosofia","Humanidades",171
"SABER PRO - 2019",61,"Producción Agrícola","Palmira",4789,"Ingenieria Agronomica","Ciencias Agropecuarias",170
"SABER PRO - 2019",57,"Formulación De Proyectos De Ingeniería","Medellín",5517,"Ingenieria De Sistemas E Informatica","Ingeniería",165
"SABER PRO - 2019",104,"Pensamiento Científico - Matemáticas Y Estadística","Bogotá",2644,"Ingenieria De Sistemas","Ingeniería",166
"SABER PRO - 2019",78,"Comunicación Escrita","Medellín",5063,"Ingenieria Geologica","Ciencias Naturales Y Exactas",150
"SABER PRO - 2019",28,"Comunicación Escrita","Palmira",91,"Zootecnia","Ciencias Agropecuarias",133
"SABER PRO - 2019",20,"Comunicación Escrita","Medellín",6355,"Zootecnia","Ciencias Agropecuarias",135
"SABER PRO - 2019",56,"Comunicación Escrita","Bogotá",468,"Ingenieria Electronica","Ingeniería",150
"SABER PRO - 2019",43,"Lectura Crítica","Bogotá",2794,"Artes Plasticas","Bellas Artes Y Diseño",191
"SABER PRO - 2019",38,"Pensamiento Científico - Ciencias Biológicas","Palmira",3728,"Ingenieria Agricola","Ingeniería",144
"SABER PRO - 2019",53,"Inglés","Medellín",3787,"Ciencia Política","Ciencias Sociales",182
"SABER PRO - 2019",30,"Lectura Crítica","Medellín",29,"Economia","Economía",186
"SABER PRO - 2019",23,"Pensamiento Científico - Matemáticas Y Estadística","Medellín",183,"Estadistica","Ciencias Naturales Y Exactas",163
"SABER PRO - 2019",69,"Razonamiento Cuantitativo","Bogotá",2645,"Nutricion Y Dietetica","Salud",183
"SABER PRO - 2019",61,"Comunicación Escrita","Bogotá",3084,"Geologia","Ciencias Naturales Y Exactas",158
"SABER PRO - 2019",50,"Razonamiento Cuantitativo","Manizales",2214,"Ingenieria Industrial","Ingeniería",183
"SABER PRO - 2019",87,"Razonamiento Cuantitativo","Bogotá",1875,"Filologia E Idiomas","Humanidades",171
"SABER PRO - 2019",42,"Investigación En Ciencias Sociales","Medellín",1917,"Historia","Humanidades",167
"SABER PRO - 2019",62,"Lectura Crítica","Bogotá",3668,"Trabajo Social","Ciencias Sociales",187
"SABER PRO - 2019",16,"Razonamiento Cuantitativo","Medellín",5177,"Ingenieria Agricola","Ingeniería",185
"SABER PRO - 2019",91,"Inglés","Medellín",3179,"Ingenieria Administrativa","Administración Y Afines",183
"SABER PRO - 2019",105,"Competencias Ciudadanas","Bogotá",55,"Psicologia","Psicología",190
"SABER PRO - 2019",20,"Competencias Ciudadanas","Medellín",6355,"Zootecnia","Ciencias Agropecuarias",160
"SABER PRO - 2019",21,"Competencias Ciudadanas","Bogotá",4166,"Fonoaudiologia","Salud",173
"SABER PRO - 2019",53,"Competencias Ciudadanas","Medellín",3787,"Ciencia Política","Ciencias Sociales",192
"SABER PRO - 2019",63,"Inglés","Palmira",969,"Ingenieria Agroindustrial","Ingeniería",164
"SABER PRO - 2019",42,"Evaluar","Bogotá",15721,"Español Y Filologia Clasica","Bellas Artes Y Diseño",193
"SABER PRO - 2019",62,"Salud Y Bienestar Animal","Bogotá",3033,"Medicina Veterinaria","Ciencias Agropecuarias",191
"SABER PRO - 2019",45,"Competencias Ciudadanas","Bogotá",1920,"Musica Instrumental","Bellas Artes Y Diseño",144
"SABER PRO - 2019",50,"Inglés","Manizales",2214,"Ingenieria Industrial","Ingeniería",179
"SABER PRO - 2019",20,"Lectura Crítica","Manizales",3181,"Gestion Cultural Y Comunicativa","Ciencias Sociales",173
"SABER PRO - 2019",107,"Inglés","Bogotá",5551,"Administracion De Empresas","Administración Y Afines",189
"SABER PRO - 2019",44,"Comunicación Escrita","Bogotá",4168,"Zootecnia","Ciencias Agropecuarias",151
"SABER PRO - 2019",44,"Razonamiento Cuantitativo","Bogotá",6444,"Matematicas","Ciencias Naturales Y Exactas",204
"SABER PRO - 2019",54,"Gestión Financiera","Palmira",968,"Administracion De Empresas","Administración Y Afines",156
"SABER PRO - 2019",68,"Competencias Ciudadanas","Medellín",5064,"Ingenieria Industrial","Ingeniería",169
"SABER PRO - 2019",128,"Inglés","Manizales",1767,"Administracion De Empresas","Administración Y Afines",164
"SABER PRO - 2019",90,"Comunicación Escrita","Manizales",1348,"Ingenieria Civil","Ingeniería",144
"SABER PRO - 2019",42,"Razonamiento Cuantitativo","Bogotá",6095,"Lingüistica","Humanidades",167
"SABER PRO - 2019",46,"Lectura Crítica","Bogotá",1054,"Filosofia","Humanidades",202
"SABER PRO - 2019",67,"Promoción De La Salud Y Prevención De La Enfermedad","Bogotá",2645,"Nutricion Y Dietetica","Salud",174
"SABER PRO - 2019",17,"Razonamiento Cuantitativo","Medellín",6510,"Ingenieria Agronomica","Ciencias Agropecuarias",179
"SABER PRO - 2019",91,"Lectura Crítica","Medellín",3179,"Ingenieria Administrativa","Administración Y Afines",186
"SABER PRO - 2019",35,"Lectura Crítica","Medellín",5602,"Ingenieria De Petroleos","Ingeniería",187
"SABER PRO - 2019",67,"Inglés","Manizales",2655,"Arquitectura","Arquitectura Y Urbanismo",174
"SABER PRO - 2019",47,"Lectura Crítica","Bogotá",4305,"Geografia","Ciencias Sociales",180
"SABER PRO - 2019",57,"Razonamiento Cuantitativo","Medellín",5517,"Ingenieria De Sistemas E Informatica","Ingeniería",202
"SABER PRO - 2019",23,"Comunicación Escrita","Medellín",183,"Estadistica","Ciencias Naturales Y Exactas",140
"SABER PRO - 2019",115,"Comunicación Escrita","Bogotá",185,"Ciencia Política","Ciencias Sociales",167
"SABER PRO - 2019",7,"Inglés","Bogotá",2795,"Musica","Bellas Artes Y Diseño",199
"SABER PRO - 2019",51,"Competencias Ciudadanas","Bogotá",3761,"Ingenieria Agricola","Ingeniería",170
"SABER PRO - 2019",57,"Razonamiento Cuantitativo","Bogotá",1919,"Ingenieria Mecatronica","Ingeniería",217
"SABER PRO - 2019",43,"Lectura Crítica","Medellín",3786,"Ingenieria Fisica","Ciencias Naturales Y Exactas",175
"SABER PRO - 2019",68,"Inglés","Medellín",868,"Ingenieria De Minas Y Metalurgia","Ingeniería",182
"SABER PRO - 2019",48,"Pensamiento Científico - Matemáticas Y Estadística","Manizales",2214,"Ingenieria Industrial","Ingeniería",151
"SABER PRO - 2019",34,"Razonamiento Cuantitativo","Medellín",1053,"Ingenieria De Control","Ingeniería",205
"SABER PRO - 2019",32,"Formulación De Proyectos De Ingeniería","Medellín",2766,"Ingenieria Forestal","Ingeniería",166
"SABER PRO - 2019",46,"Lectura Crítica","Manizales",6883,"Administracion De Sistemas Informáticos","Ingeniería",158
"SABER PRO - 2019",51,"Razonamiento Cuantitativo","Medellín",2555,"Ingenieria Ambiental","Ingeniería",196
"SABER PRO - 2019",61,"Inglés","Medellín",4644,"Ingenieria Electrica","Ingeniería",186
"SABER PRO - 2019",44,"Inglés","Bogotá",6444,"Matematicas","Ciencias Naturales Y Exactas",189
"SABER PRO - 2019",127,"Comunicación Escrita","Bogotá",905,"Ingenieria Civil","Ingeniería",154
"SABER PRO - 2019",61,"Diseño De Procesos Industriales","Medellín",118,"Ingenieria Quimica","Ingeniería",159
"SABER PRO - 2019",67,"Estudio Proyectual","Manizales",2655,"Arquitectura","Arquitectura Y Urbanismo",183
"SABER PRO - 2019",11,"Competencias Ciudadanas","Bogotá",4167,"Terapia Ocupacional","Salud",182
"SABER PRO - 2019",68,"Inglés","Bogotá",467,"Contaduria Publica","Contaduría Y Afines",190
"SABER PRO - 2019",42,"Lectura Crítica","Bogotá",6095,"Lingüistica","Humanidades",193
"SABER PRO - 2019",21,"Promoción De La Salud Y Prevención De La Enfermedad","Bogotá",4166,"Fonoaudiologia","Salud",170
"SABER PRO - 2019",46,"Competencias Ciudadanas","Bogotá",1054,"Filosofia","Humanidades",192
"SABER PRO - 2019",83,"Pensamiento Científico - Ciencias Biológicas","Bogotá",1383,"Biologia","Ciencias Naturales Y Exactas",179
"SABER PRO - 2019",116,"Competencias Ciudadanas","Bogotá",185,"Ciencia Política","Ciencias Sociales",192
"SABER PRO - 2019",57,"Diseño De Software","Medellín",5517,"Ingenieria De Sistemas E Informatica","Ingeniería",186
"SABER PRO - 2019",51,"Competencias Ciudadanas","Medellín",2555,"Ingenieria Ambiental","Ingeniería",181
"SABER PRO - 2019",105,"Inglés","Bogotá",2644,"Ingenieria De Sistemas","Ingeniería",201
"SABER PRO - 2019",72,"Inglés","Bogotá",5100,"Enfermeria","Enfermería",174
"SABER PRO - 2019",51,"Inglés","Medellín",2555,"Ingenieria Ambiental","Ingeniería",185
"SABER PRO - 2019",35,"Inglés","Medellín",5602,"Ingenieria De Petroleos","Ingeniería",191
"SABER PRO - 2019",68,"Gestión Financiera","Bogotá",467,"Contaduria Publica","Contaduría Y Afines",206
"SABER PRO - 2019",16,"Inglés","Medellín",5177,"Ingenieria Agricola","Ingeniería",162
"SABER PRO - 2019",12,"Razonamiento Cuantitativo","Manizales",95,"Matematicas","Ciencias Naturales Y Exactas",198
"SABER PRO - 2019",9,"Inglés","Medellín",521,"Matematicas","Ciencias Naturales Y Exactas",178
"SABER PRO - 2019",45,"Pensamiento Científico - Ciencias Físicas","Bogotá",519,"Fisica","Ciencias Naturales Y Exactas",182
"SABER PRO - 2019",46,"Investigación En Ciencias Sociales","Bogotá",4305,"Geografia","Ciencias Sociales",170
"SABER PRO - 2019",157,"Comunicación Escrita","Bogotá",4280,"Ingenieria Quimica","Ingeniería",161
"SABER PRO - 2019",46,"Razonamiento Cuantitativo","Bogotá",1054,"Filosofia","Humanidades",175
"SABER PRO - 2019",42,"Razonamiento Cuantitativo","Bogotá",15721,"Español Y Filologia Clasica","Bellas Artes Y Diseño",164
"SABER PRO - 2019",69,"Razonamiento Cuantitativo","Bogotá",3666,"Ingenieria Industrial","Ingeniería",202
"SABER PRO - 2019",78,"Inglés","Medellín",5063,"Ingenieria Geologica","Ciencias Naturales Y Exactas",186
"SABER PRO - 2019",51,"Comunicación Escrita","Bogotá",3761,"Ingenieria Agricola","Ingeniería",157
"SABER PRO - 2019",96,"Competencias Ciudadanas","Bogotá",5101,"Ingenieria Electrica","Ingeniería",175
"SABER PRO - 2019",63,"Lectura Crítica","Palmira",969,"Ingenieria Agroindustrial","Ingeniería",164
"SABER PRO - 2019",43,"Razonamiento Cuantitativo","Bogotá",2794,"Artes Plasticas","Bellas Artes Y Diseño",173
"SABER PRO - 2019",38,"Formulación De Proyectos De Ingeniería","Palmira",3728,"Ingenieria Agricola","Ingeniería",152
"SABER PRO - 2019",61,"Pensamiento Científico - Ciencias Físicas","Medellín",4644,"Ingenieria Electrica","Ingeniería",172
"SABER PRO - 2019",44,"Inglés","Bogotá",4168,"Zootecnia","Ciencias Agropecuarias",176
"SABER PRO - 2019",53,"Diseño De Sistemas De Control","Bogotá",468,"Ingenieria Electronica","Ingeniería",181
"SABER PRO - 2019",57,"Lectura Crítica","Bogotá",1919,"Ingenieria Mecatronica","Ingeniería",191
"SABER PRO - 2019",63,"Comunicación Escrita","Palmira",1812,"Ingenieria Ambiental","Ingeniería",144
"SABER PRO - 2019",87,"Competencias Ciudadanas","Bogotá",1875,"Filologia E Idiomas","Humanidades",177
"SABER PRO - 2019",61,"Formulación De Proyectos De Ingeniería","Medellín",4644,"Ingenieria Electrica","Ingeniería",179
"SABER PRO - 2019",96,"Inglés","Bogotá",5101,"Ingenieria Electrica","Ingeniería",190
"SABER PRO - 2019",57,"Comunicación Escrita","Medellín",5517,"Ingenieria De Sistemas E Informatica","Ingeniería",147
"SABER PRO - 2019",68,"Formulación De Proyectos De Ingeniería","Medellín",5064,"Ingenieria Industrial","Ingeniería",173
"SABER PRO - 2019",65,"Competencias Ciudadanas","Manizales",5627,"Ingenieria Quimica","Ingeniería",163
"SABER PRO - 2019",9,"Competencias Ciudadanas","Medellín",521,"Matematicas","Ciencias Naturales Y Exactas",148
"SABER PRO - 2019",81,"Razonamiento Cuantitativo","Manizales",4686,"Ingenieria Electrica","Ingeniería",186
"SABER PRO - 2019",46,"Lectura Crítica","Bogotá",519,"Fisica","Ciencias Naturales Y Exactas",198
"SABER PRO - 2019",70,"Comunicación Escrita","Bogotá",3139,"Ingenieria Agronomica","Ciencias Agropecuarias",154
"SABER PRO - 2019",84,"Inglés","Bogotá",3667,"Ingenieria Mecanica","Ingeniería",198
"SABER PRO - 2019",61,"Formulación De Proyectos De Ingeniería","Medellín",118,"Ingenieria Quimica","Ingeniería",172
"SABER PRO - 2019",20,"Razonamiento Cuantitativo","Medellín",6355,"Zootecnia","Ciencias Agropecuarias",174
"SABER PRO - 2019",64,"Diseño De Procesos Industriales","Manizales",5627,"Ingenieria Quimica","Ingeniería",154
"SABER PRO - 2019",78,"Lectura Crítica","Medellín",5063,"Ingenieria Geologica","Ciencias Naturales Y Exactas",176
"SABER PRO - 2019",55,"Comunicación Escrita","Palmira",968,"Administracion De Empresas","Administración Y Afines",144
"SABER PRO - 2019",42,"Competencias Ciudadanas","Bogotá",15721,"Español Y Filologia Clasica","Bellas Artes Y Diseño",185
"SABER PRO - 2019",123,"Inglés","Bogotá",6811,"Derecho","Derecho",189
"SABER PRO - 2019",31,"Investigación En Ciencias Sociales","Bogotá",4306,"Historia","Humanidades",179
"SABER PRO - 2019",88,"Lectura Crítica","Bogotá",3788,"Antropologia","Ciencias Sociales",197
"SABER PRO - 2019",61,"Diseño De Sistemas De Control","Manizales",1768,"Ingenieria Electronica","Ingeniería",153
"SABER PRO - 2019",47,"Lectura Crítica","Bogotá",189,"Literatura (Estudios Literarios)","Humanidades",193
"SABER PRO - 2019",65,"Razonamiento Cuantitativo","Manizales",5627,"Ingenieria Quimica","Ingeniería",188
"SABER PRO - 2019",48,"Formulación De Proyectos De Ingeniería","Manizales",2214,"Ingenieria Industrial","Ingeniería",164
"SABER PRO - 2019",58,"Diseño De Sistemas Productivos Y Logísticos","Bogotá",3666,"Ingenieria Industrial","Ingeniería",188
"SABER PRO - 2019",46,"Competencias Ciudadanas","Manizales",6883,"Administracion De Sistemas Informáticos","Ingeniería",148
"SABER PRO - 2019",79,"Comunicación Escrita","Medellín",428,"Ingenieria Mecanica","Ingeniería",158
"SABER PRO - 2019",33,"Inglés","Palmira",6535,"Diseño Industrial","Bellas Artes Y Diseño",165
"SABER PRO - 2019",61,"Competencias Ciudadanas","Medellín",118,"Ingenieria Quimica","Ingeniería",177
"SABER PRO - 2019",81,"Formulación De Proyectos De Ingeniería","Manizales",4686,"Ingenieria Electrica","Ingeniería",163
"SABER PRO - 2019",46,"Razonamiento Cuantitativo","Bogotá",519,"Fisica","Ciencias Naturales Y Exactas",220
"SABER PRO - 2019",21,"Inglés","Bogotá",4166,"Fonoaudiologia","Salud",176
"SABER PRO - 2019",88,"Competencias Ciudadanas","Bogotá",3788,"Antropologia","Ciencias Sociales",188
"SABER PRO - 2019",83,"Competencias Ciudadanas","Medellín",4643,"Arquitectura","Arquitectura Y Urbanismo",162
"SABER PRO - 2019",42,"Inglés","Bogotá",6095,"Lingüistica","Humanidades",189
"SABER PRO - 2019",55,"Comunicación Escrita","Bogotá",6945,"Diseño Grafico","Bellas Artes Y Diseño",150
"SABER PRO - 2019",140,"Competencias Ciudadanas","Medellín",5516,"Ingenieria Civil","Ingeniería",171
"SABER PRO - 2019",127,"Lectura Crítica","Bogotá",905,"Ingenieria Civil","Ingeniería",188
"SABER PRO - 2019",61,"Comunicación Escrita","Medellín",4644,"Ingenieria Electrica","Ingeniería",149
"SABER PRO - 2019",138,"Diseño De Obras De Infraestructura","Medellín",5516,"Ingenieria Civil","Ingeniería",177
"SABER PRO - 2019",63,"Competencias Ciudadanas","Palmira",969,"Ingenieria Agroindustrial","Ingeniería",151
"SABER PRO - 2019",127,"Inglés","Bogotá",905,"Ingenieria Civil","Ingeniería",192
"SABER PRO - 2019",55,"Lectura Crítica","Palmira",968,"Administracion De Empresas","Administración Y Afines",165
"SABER PRO - 2019",150,"Formulación De Proyectos De Ingeniería","Bogotá",4280,"Ingenieria Quimica","Ingeniería",176
"SABER PRO - 2019",82,"Competencias Ciudadanas","Bogotá",3789,"Diseño Industrial","Bellas Artes Y Diseño",179
"SABER PRO - 2019",63,"Razonamiento Cuantitativo","Palmira",1812,"Ingenieria Ambiental","Ingeniería",175
"SABER PRO - 2019",67,"Competencias Ciudadanas","Bogotá",2208,"Odontologia","Salud",167
"SABER PRO - 2019",79,"Diseño De Sistemas Mecánicos","Medellín",428,"Ingenieria Mecanica","Ingeniería",176
"SABER PRO - 2019",82,"Estudio Proyectual","Medellín",4643,"Arquitectura","Arquitectura Y Urbanismo",181
"SABER PRO - 2019",114,"Competencias Ciudadanas","Bogotá",5552,"Economia","Economía",196
"SABER PRO - 2019",47,"Inglés","Bogotá",189,"Literatura (Estudios Literarios)","Humanidades",202
"SABER PRO - 2019",47,"Inglés","Bogotá",4305,"Geografia","Ciencias Sociales",184
"SABER PRO - 2019",65,"Inglés","Manizales",5627,"Ingenieria Quimica","Ingeniería",175
"SABER PRO - 2019",90,"Inglés","Manizales",1348,"Ingenieria Civil","Ingeniería",178
"SABER PRO - 2019",47,"Razonamiento Cuantitativo","Bogotá",189,"Literatura (Estudios Literarios)","Humanidades",173
"SABER PRO - 2019",98,"Proyecto De Arquitectura","Bogotá",6810,"Arquitectura","Arquitectura Y Urbanismo",161
"SABER PRO - 2019",82,"Formulación De Proyectos De Ingeniería","Bogotá",3667,"Ingenieria Mecanica","Ingeniería",170
"SABER PRO - 2019",68,"Competencias Ciudadanas","Bogotá",467,"Contaduria Publica","Contaduría Y Afines",186
"SABER PRO - 2019",46,"Pensamiento Científico - Matemáticas Y Estadística","Manizales",6883,"Administracion De Sistemas Informáticos","Ingeniería",133
"SABER PRO - 2019",28,"Razonamiento Cuantitativo","Palmira",91,"Zootecnia","Ciencias Agropecuarias",143
"SABER PRO - 2019",26,"Competencias Ciudadanas","Medellín",4303,"Artes Plasticas","Bellas Artes Y Diseño",153
"SABER PRO - 2019",61,"Lectura Crítica","Medellín",118,"Ingenieria Quimica","Ingeniería",186
"SABER PRO - 2019",34,"Pensamiento Científico - Ciencias Físicas","Medellín",1053,"Ingenieria De Control","Ingeniería",155
"SABER PRO - 2019",57,"Pensamiento Científico - Matemáticas Y Estadística","Medellín",5517,"Ingenieria De Sistemas E Informatica","Ingeniería",160
"SABER PRO - 2019",28,"Inglés","Palmira",91,"Zootecnia","Ciencias Agropecuarias",149
"SABER PRO - 2019",62,"Razonamiento Cuantitativo","Bogotá",6948,"Sociologia","Ciencias Sociales",182
"SABER PRO - 2019",7,"Lectura Crítica","Bogotá",2795,"Musica","Bellas Artes Y Diseño",172
"SABER PRO - 2019",84,"Competencias Ciudadanas","Bogotá",3667,"Ingenieria Mecanica","Ingeniería",177
"SABER PRO - 2019",64,"Pensamiento Científico - Química","Manizales",5627,"Ingenieria Quimica","Ingeniería",161
"SABER PRO - 2019",191,"Competencias Ciudadanas","Bogotá",5658,"Medicina","Medicina",185
"SABER PRO - 2019",55,"Razonamiento Cuantitativo","Palmira",968,"Administracion De Empresas","Administración Y Afines",162
"SABER PRO - 2019",33,"Competencias Ciudadanas","Palmira",6535,"Diseño Industrial","Bellas Artes Y Diseño",161
"SABER PRO - 2019",28,"Razonamiento Cuantitativo","Bogotá",3665,"Fisioterapia","Salud",182
"SABER PRO - 2019",46,"Comunicación Escrita","Manizales",6883,"Administracion De Sistemas Informáticos","Ingeniería",150
"SABER PRO - 2019",19,"Inglés","Medellín",6355,"Zootecnia","Ciencias Agropecuarias",160
"SABER PRO - 2019",63,"Lectura Crítica","Bogotá",3033,"Medicina Veterinaria","Ciencias Agropecuarias",184
"SABER PRO - 2019",91,"Competencias Ciudadanas","Medellín",3179,"Ingenieria Administrativa","Administración Y Afines",178
"SABER PRO - 2019",61,"Competencias Ciudadanas","Bogotá",3084,"Geologia","Ciencias Naturales Y Exactas",180
"SABER PRO - 2019",63,"Razonamiento Cuantitativo","Palmira",969,"Ingenieria Agroindustrial","Ingeniería",174
"SABER PRO - 2019",28,"Promoción De La Salud Y Prevención De La Enfermedad","Bogotá",3665,"Fisioterapia","Salud",183
"SABER PRO - 2019",54,"Formulación, Evaluación Y Gestión De Proyectos","Palmira",968,"Administracion De Empresas","Administración Y Afines",181
"SABER PRO - 2019",94,"Diseño De Sistemas De Control","Bogotá",5101,"Ingenieria Electrica","Ingeniería",166
"SABER PRO - 2019",81,"Generación De Artefactos","Bogotá",3789,"Diseño Industrial","Bellas Artes Y Diseño",187
"SABER PRO - 2019",128,"Razonamiento Cuantitativo","Manizales",1767,"Administracion De Empresas","Administración Y Afines",164
"SABER PRO - 2019",62,"Comunicación Escrita","Bogotá",3668,"Trabajo Social","Ciencias Sociales",167
"SABER PRO - 2019",68,"Comunicación Escrita","Medellín",5064,"Ingenieria Industrial","Ingeniería",155
"SABER PRO - 2019",61,"Comunicación Escrita","Medellín",118,"Ingenieria Quimica","Ingeniería",156
"SABER PRO - 2019",105,"Comunicación Escrita","Bogotá",2644,"Ingenieria De Sistemas","Ingeniería",153
"SABER PRO - 2019",62,"Formulación De Proyectos De Ingeniería","Palmira",1812,"Ingenieria Ambiental","Ingeniería",154
"SABER PRO - 2019",67,"Lectura Crítica","Bogotá",2208,"Odontologia","Salud",178
"SABER PRO - 2019",55,"Competencias Ciudadanas","Bogotá",6945,"Diseño Grafico","Bellas Artes Y Diseño",176
"SABER PRO - 2019",79,"Razonamiento Cuantitativo","Medellín",428,"Ingenieria Mecanica","Ingeniería",210
"SABER PRO - 2019",105,"Lectura Crítica","Bogotá",55,"Psicologia","Psicología",196
"SABER PRO - 2019",40,"Competencias Ciudadanas","Medellín",1916,"Construccion","Arquitectura Y Urbanismo",154
"SABER PRO - 2019",11,"Lectura Crítica","Bogotá",4167,"Terapia Ocupacional","Salud",181
"SABER PRO - 2019",48,"Diseño De Sistemas Productivos Y Logísticos","Manizales",2214,"Ingenieria Industrial","Ingeniería",161
"SABER PRO - 2019",43,"Inglés","Bogotá",2794,"Artes Plasticas","Bellas Artes Y Diseño",197
"SABER PRO - 2019",16,"Lectura Crítica","Medellín",5177,"Ingenieria Agricola","Ingeniería",163
"SABER PRO - 2019",50,"Lectura Crítica","Manizales",2214,"Ingenieria Industrial","Ingeniería",182
"SABER PRO - 2019",70,"Razonamiento Cuantitativo","Bogotá",3139,"Ingenieria Agronomica","Ciencias Agropecuarias",192
"SABER PRO - 2019",26,"Lectura Crítica","Medellín",4303,"Artes Plasticas","Bellas Artes Y Diseño",166
"SABER PRO - 2019",90,"Razonamiento Cuantitativo","Manizales",1348,"Ingenieria Civil","Ingeniería",199
"SABER PRO - 2019",42,"Lectura Crítica","Medellín",1917,"Historia","Humanidades",193
"SABER PRO - 2019",63,"Lectura Crítica","Palmira",1812,"Ingenieria Ambiental","Ingeniería",168
"SABER PRO - 2019",72,"Razonamiento Cuantitativo","Bogotá",5100,"Enfermeria","Enfermería",182
"SABER PRO - 2019",86,"Razonamiento Cuantitativo","Bogotá",93,"Quimica","Ciencias Naturales Y Exactas",201
"SABER PRO - 2019",69,"Lectura Crítica","Bogotá",2645,"Nutricion Y Dietetica","Salud",177
"SABER PRO - 2019",42,"Lectura Crítica","Bogotá",15721,"Español Y Filologia Clasica","Bellas Artes Y Diseño",203
"SABER PRO - 2019",61,"Lectura Crítica","Medellín",4644,"Ingenieria Electrica","Ingeniería",170
"SABER PRO - 2019",140,"Razonamiento Cuantitativo","Medellín",5516,"Ingenieria Civil","Ingeniería",212
"SABER PRO - 2019",66,"Atención En Salud","Bogotá",2208,"Odontologia","Salud",170
"SABER PRO - 2019",68,"Formulación De Proyectos De Ingeniería","Bogotá",3139,"Ingenieria Agronomica","Ciencias Agropecuarias",164
"SABER PRO - 2019",72,"Comunicación Escrita","Bogotá",5100,"Enfermeria","Enfermería",157
"SABER PRO - 2019",32,"Comunicación Escrita","Medellín",2766,"Ingenieria Forestal","Ingeniería",148
"SABER PRO - 2019",62,"Pensamiento Científico - Ciencias Biológicas","Palmira",969,"Ingenieria Agroindustrial","Ingeniería",146
"SABER PRO - 2019",7,"Razonamiento Cuantitativo","Bogotá",2795,"Musica","Bellas Artes Y Diseño",181
"SABER PRO - 2019",54,"Gestión De Organizaciones","Palmira",968,"Administracion De Empresas","Administración Y Afines",192
"SABER PRO - 2019",90,"Diseño De Obras De Infraestructura","Manizales",1348,"Ingenieria Civil","Ingeniería",165
"SABER PRO - 2019",120,"Razonamiento Cuantitativo","Bogotá",1469,"Farmacia","Salud",197
"SABER PRO - 2019",43,"Competencias Ciudadanas","Bogotá",186,"Cine Y Television","Bellas Artes Y Diseño",177
"SABER PRO - 2019",68,"Inglés","Medellín",5064,"Ingenieria Industrial","Ingeniería",185
"SABER PRO - 2019",190,"Promoción De La Salud Y Prevención De La Enfermedad","Bogotá",5658,"Medicina","Medicina",182
"SABER PRO - 2019",123,"Comunicación Jurídica","Bogotá",6811,"Derecho","Derecho",195
"SABER PRO - 2019",107,"Comunicación Escrita","Bogotá",5551,"Administracion De Empresas","Administración Y Afines",160
"SABER PRO - 2019",7,"Comunicación Escrita","Bogotá",2795,"Musica","Bellas Artes Y Diseño",129
"SABER PRO - 2019",9,"Comunicación Escrita","Medellín",521,"Matematicas","Ciencias Naturales Y Exactas",149
"SABER PRO - 2019",62,"Competencias Ciudadanas","Bogotá",6948,"Sociologia","Ciencias Sociales",195
"SABER PRO - 2019",53,"Lectura Crítica","Medellín",3787,"Ciencia Política","Ciencias Sociales",191
"SABER PRO - 2019",82,"Razonamiento Cuantitativo","Bogotá",3789,"Diseño Industrial","Bellas Artes Y Diseño",184
"SABER PRO - 2019",47,"Razonamiento Cuantitativo","Bogotá",4305,"Geografia","Ciencias Sociales",176
"SABER PRO - 2019",91,"Comunicación Escrita","Medellín",3179,"Ingenieria Administrativa","Administración Y Afines",158
"SABER PRO - 2019",61,"Pensamiento Científico - Química","Medellín",118,"Ingenieria Quimica","Ingeniería",167
"SABER PRO - 2019",55,"Inglés","Bogotá",6945,"Diseño Grafico","Bellas Artes Y Diseño",200
"SABER PRO - 2019",68,"Diseño De Sistemas Productivos Y Logísticos","Medellín",5064,"Ingenieria Industrial","Ingeniería",170
"SABER PRO - 2019",16,"Comunicación Escrita","Medellín",5177,"Ingenieria Agricola","Ingeniería",144
"SABER PRO - 2019",55,"Competencias Ciudadanas","Palmira",968,"Administracion De Empresas","Administración Y Afines",159
"SABER PRO - 2019",65,"Comunicación Escrita","Manizales",5627,"Ingenieria Quimica","Ingeniería",138
"SABER PRO - 2019",72,"Competencias Ciudadanas","Bogotá",5100,"Enfermeria","Enfermería",174
"SABER PRO - 2019",62,"Comunicación Escrita","Bogotá",6948,"Sociologia","Ciencias Sociales",163
"SABER PRO - 2019",37,"Razonamiento Cuantitativo","Manizales",5245,"Ingenieria Fisica","Ciencias Naturales Y Exactas",191
"SABER PRO - 2019",20,"Competencias Ciudadanas","Manizales",3181,"Gestion Cultural Y Comunicativa","Ciencias Sociales",164
"SABER PRO - 2019",42,"Competencias Ciudadanas","Medellín",1917,"Historia","Humanidades",179
"SABER PRO - 2019",42,"Inglés","Medellín",1917,"Historia","Humanidades",177
"SABER PRO - 2019",78,"Competencias Ciudadanas","Medellín",5063,"Ingenieria Geologica","Ciencias Naturales Y Exactas",170
"SABER PRO - 2019",42,"Comunicación Escrita","Bogotá",6095,"Lingüistica","Humanidades",172
"SABER PRO - 2019",56,"Inglés","Bogotá",468,"Ingenieria Electronica","Ingeniería",198
"SABER PRO - 2019",57,"Inglés","Medellín",5517,"Ingenieria De Sistemas E Informatica","Ingeniería",196
"SABER PRO - 2019",34,"Inglés","Medellín",1053,"Ingenieria De Control","Ingeniería",185
"SABER PRO - 2019",123,"Gestión Del Conflicto","Bogotá",6811,"Derecho","Derecho",183
"SABER PRO - 2019",66,"Promoción De La Salud Y Prevención De La Enfermedad","Bogotá",2208,"Odontologia","Salud",164
"SABER PRO - 2019",89,"Inglés","Bogotá",1383,"Biologia","Ciencias Naturales Y Exactas",201
"SABER PRO - 2019",69,"Comunicación Escrita","Bogotá",3666,"Ingenieria Industrial","Ingeniería",160
"SABER PRO - 2019",62,"Comunicación Escrita","Manizales",1768,"Ingenieria Electronica","Ingeniería",139
